id,label,x,y,soma_diameter,dendrite_diameter,axon_length
0,0,0.883314,-0.726442,0.015,0.1217,0.466567
1,1,0.818676,-0.696946,0.015,0.167614,1.845053
2,2,0.766876,-0.700881,0.015,0.152823,1.988337
3,3,0.686727,-0.651259,0.015,0.13802,2.315734
4,4,0.846124,-0.648032,0.015,0.156433,0.972487
5,5,0.725636,-0.773578,0.015,0.189173,2.694357
6,6,0.835504,-0.750016,0.015,0.144255,0.736844
7,7,0.803173,-0.725502,0.015,0.160728,1.697658
8,8,0.809514,-0.640229,0.015,0.156068,2.270801
9,9,0.825559,-0.678741,0.015,0.132626,0.888213
10,10,0.75362,-0.71528,0.015,0.189841,1.154207
11,11,0.860214,-0.66358,0.015,0.130489,1.241449
12,12,0.84543,-0.624982,0.015,0.130274,1.059178
13,13,0.900593,-0.686858,0.015,0.212755,1.395018
14,14,0.842089,-0.704153,0.015,0.165534,1.059596
15,15,0.787461,-0.687967,0.015,0.154988,0.964855
16,16,0.857278,-0.74261,0.015,0.182325,1.671931
17,17,0.746636,-0.668411,0.015,0.13863,1.431006
18,18,0.868519,-0.711,0.015,0.16421,2.317345
19,19,0.897683,-0.648968,0.015,0.161292,1.183112
20,20,0.769477,-0.679869,0.015,0.186302,1.490197
21,21,0.803513,-0.694175,0.015,0.155212,0.96822
22,22,0.734479,-0.701481,0.015,0.18264,0.669117
23,23,0.91479,-0.74905,0.015,0.131188,1.799602
24,24,0.798764,-0.677717,0.015,0.13172,2.565242
25,25,0.880788,-0.590066,0.015,0.132176,2.791264
26,26,0.788131,-0.712167,0.015,0.157028,1.291982
27,27,0.757804,-0.651414,0.015,0.189145,0.822532
28,28,0.800168,-0.759398,0.015,0.139005,2.49068
29,29,0.917209,-0.629488,0.015,0.149763,1.842036
30,30,0.843163,-0.680376,0.015,0.128211,1.884723
31,31,0.782069,-0.668762,0.015,0.108297,2.060732
32,32,0.787862,-0.614381,0.015,0.168812,1.260826
33,33,0.813584,-0.741538,0.015,0.155124,1.190224
34,34,0.724753,-0.718582,0.015,0.158445,1.67415
35,35,0.835431,-0.77209,0.015,0.120366,0.680941
36,36,0.782915,-0.755105,0.015,0.178818,1.0235
37,37,0.872698,-0.774785,0.015,0.137379,0.733087
38,38,0.869044,-0.634065,0.015,0.122505,0.242361
39,39,0.802506,-0.660652,0.015,0.150629,0.5454
40,40,0.829071,-0.662781,0.015,0.154801,0.741258
41,41,0.77418,-0.738272,0.015,0.140274,0.918182
42,42,0.826104,-0.581179,0.015,0.172763,0.605567
43,43,0.787569,-0.631545,0.015,0.154522,1.916933
44,44,0.728999,-0.662767,0.015,0.147169,0.275771
45,45,0.85022,-0.721318,0.015,0.142865,1.951912
46,46,0.818306,-0.758402,0.015,0.131103,1.346761
47,47,0.884376,-0.621343,0.015,0.136079,2.449081
48,48,0.82625,-0.719384,0.015,0.154329,0.827981
49,49,0.793608,-0.741928,0.015,0.103052,2.513084
50,50,0.836083,-0.611817,0.015,0.125787,0.240972
51,51,0.737341,-0.680523,0.015,0.158855,0.790601
52,52,0.870491,-0.675396,0.015,0.143822,1.240433
53,53,0.712002,-0.740666,0.015,0.128071,0.593595
54,54,0.839641,-0.73362,0.015,0.175311,0.968488
55,55,0.751702,-0.79101,0.015,0.160958,0.99239
56,56,0.819279,-0.775858,0.015,0.149414,1.152079
57,57,0.858947,-0.785599,0.015,0.161227,1.575704
58,58,0.705607,-0.610936,0.015,0.178854,0.865828
59,59,0.893695,-0.665607,0.015,0.166861,1.645851
60,60,0.359507,-0.097089,0.015,0.150667,2.146029
61,61,0.325065,-0.120571,0.015,0.141089,1.921367
62,62,0.366316,-0.157769,0.015,0.13987,1.151114
63,63,0.38966,-0.102414,0.015,0.16203,2.074179
64,64,0.241618,-0.154757,0.015,0.13981,1.236496
65,65,0.294407,-0.072531,0.015,0.126282,0.971974
66,66,0.377651,-0.060316,0.015,0.13548,0.512554
67,67,0.391927,-0.06876,0.015,0.149841,0.35005
68,68,0.349805,-0.129875,0.015,0.145922,0.3267
69,69,0.361843,-0.058553,0.015,0.148112,0.43885
70,70,0.298078,-0.03185,0.015,0.183287,0.561232
71,71,0.240002,-0.105938,0.015,0.176283,1.985599
72,72,0.376127,-0.169862,0.015,0.185848,1.338603
73,73,0.29009,-0.148069,0.015,0.138992,0.54717
74,74,0.28628,-0.105304,0.015,0.137363,1.860436
75,75,0.32152,-0.205643,0.015,0.132708,2.570813
76,76,0.301427,-0.107251,0.015,0.158836,0.84487
77,77,0.315703,-0.140769,0.015,0.155017,0.962512
78,78,0.273566,-0.152956,0.015,0.160631,0.612027
79,79,0.315515,-0.083005,0.015,0.122849,1.959081
80,80,0.336424,-0.152373,0.015,0.173706,1.163067
81,81,0.329121,-0.17648,0.015,0.143596,1.235612
82,82,0.294957,-0.122709,0.015,0.156474,1.056061
83,83,0.334418,-0.083102,0.015,0.163057,0.786278
84,84,0.427898,-0.104022,0.015,0.132779,1.840444
85,85,0.34433,-0.166733,0.015,0.166118,0.457259
86,86,0.371315,-0.12869,0.015,0.119827,1.080444
87,87,0.274381,-0.115954,0.015,0.124558,1.557304
88,88,0.272653,-0.072239,0.015,0.169699,1.196917
89,89,0.335052,-0.048372,0.015,0.147545,0.880856
90,90,0.277937,-0.091702,0.015,0.134228,1.119346
91,91,0.340368,-0.066325,0.015,0.152905,0.603228
92,92,0.367304,-0.082997,0.015,0.173517,0.4987
93,93,0.313754,-0.061485,0.015,0.133365,1.216535
94,94,0.263898,-0.025671,0.015,0.149385,0.640905
95,95,0.418435,-0.154038,0.015,0.136805,0.792267
96,96,0.30932,-0.179246,0.015,0.159929,1.329251
97,97,0.318194,-0.102638,0.015,0.148902,1.051321
98,98,0.295848,-0.049384,0.015,0.149677,1.65573
99,99,0.257723,-0.129138,0.015,0.119767,0.647514
100,100,0.307708,-0.15451,0.015,0.137881,1.880189
101,101,0.263365,-0.173209,0.015,0.177518,1.80435
102,102,0.239834,-0.194293,0.015,0.151437,1.463231
103,103,0.291184,-0.215175,0.015,0.159353,1.100807
104,104,0.40076,-0.160154,0.015,0.151891,0.461262
105,105,0.381354,-0.140283,0.015,0.1223,1.762389
106,106,0.256562,-0.111603,0.015,0.170766,1.609213
107,107,0.358012,-0.019627,0.015,0.130702,0.350882
108,108,0.271156,-0.194755,0.015,0.165745,1.138344
109,109,0.328227,-0.02216,0.015,0.156339,0.99599
110,110,0.229995,-0.167805,0.015,0.152932,1.79411
111,111,0.41916,-0.081322,0.015,0.168783,1.622334
112,112,0.205246,-0.162381,0.015,0.154885,0.516563
113,113,0.331785,-0.269105,0.015,0.172833,1.060025
114,114,0.336126,-0.103847,0.015,0.132212,1.411488
115,115,0.354715,-0.113306,0.015,0.132337,0.748592
116,116,0.372749,-0.187278,0.015,0.135347,0.753968
117,117,0.348569,-0.032113,0.015,0.174805,1.339988
118,118,0.301104,-0.19288,0.015,0.173274,0.636635
119,119,0.293575,-0.088199,0.015,0.162239,1.044652
120,120,0.505157,0.325704,0.015,0.183517,2.249821
121,121,0.436507,0.388263,0.015,0.145394,1.09461
122,122,0.521229,0.413797,0.015,0.172327,2.373963
123,123,0.509333,0.375502,0.015,0.11719,0.487377
124,124,0.552709,0.450501,0.015,0.156374,1.614982
125,125,0.488425,0.330765,0.015,0.144884,1.442741
126,126,0.455641,0.426798,0.015,0.129851,2.047747
127,127,0.457791,0.323368,0.015,0.149727,0.412486
128,128,0.485296,0.384048,0.015,0.14574,0.530445
129,129,0.471158,0.42267,0.015,0.13551,2.197938
130,130,0.487518,0.405202,0.015,0.136331,1.245898
131,131,0.486227,0.299813,0.015,0.184666,0.969754
132,132,0.541135,0.369087,0.015,0.116547,1.977572
133,133,0.505215,0.400481,0.015,0.152318,1.281812
134,134,0.525027,0.386037,0.015,0.131965,2.128562
135,135,0.451758,0.345816,0.015,0.133306,1.456172
136,136,0.485581,0.3596,0.015,0.15753,1.373628
137,137,0.417975,0.377331,0.015,0.154345,0.12722
138,138,0.500036,0.439148,0.015,0.160077,1.437648
139,139,0.53629,0.41773,0.015,0.148623,0.558962
140,140,0.553022,0.34648,0.015,0.158085,2.627541
141,141,0.459475,0.397502,0.015,0.131357,2.554072
142,142,0.46786,0.382392,0.015,0.158018,2.92948
143,143,0.563142,0.360215,0.015,0.13349,1.311656
144,144,0.433884,0.424614,0.015,0.136989,0.846864
145,145,0.507733,0.42124,0.015,0.142072,2.406475
146,146,0.505943,0.349136,0.015,0.159051,2.897432
147,147,0.576639,0.413154,0.015,0.154649,3.029653
148,148,0.539812,0.294764,0.015,0.153572,0.747224
149,149,0.436369,0.353917,0.015,0.141805,1.180325
150,150,0.55297,0.412857,0.015,0.114537,1.719753
151,151,0.530615,0.348663,0.015,0.142646,2.053787
152,152,0.602666,0.398883,0.015,0.19665,0.236669
153,153,0.526463,0.322277,0.015,0.154063,2.007162
154,154,0.463095,0.446752,0.015,0.147293,1.689953
155,155,0.555889,0.30441,0.015,0.119167,2.09735
156,156,0.533129,0.399337,0.015,0.133715,0.675995
157,157,0.586267,0.338081,0.015,0.145558,1.716817
158,158,0.59705,0.415388,0.015,0.163004,0.828517
159,159,0.482889,0.451768,0.015,0.17259,1.376817
160,160,0.545081,0.385015,0.015,0.145265,0.284767
161,161,0.593705,0.363164,0.015,0.174604,0.943751
162,162,0.443066,0.373474,0.015,0.167075,0.256047
163,163,0.539457,0.433038,0.015,0.145737,1.548835
164,164,0.602265,0.435479,0.015,0.123744,0.225415
165,165,0.439715,0.438496,0.015,0.119324,1.550201
166,166,0.572286,0.390384,0.015,0.176464,1.371103
167,167,0.543223,0.468605,0.015,0.147816,1.123822
168,168,0.476098,0.341265,0.015,0.181737,2.127495
169,169,0.548306,0.328968,0.015,0.176225,0.51623
170,170,0.523977,0.490853,0.015,0.144922,0.825546
171,171,0.475266,0.321814,0.015,0.15087,0.573427
172,172,0.496536,0.280024,0.015,0.148437,1.886759
173,173,0.582074,0.45975,0.015,0.141155,0.840063
174,174,0.420848,0.401452,0.015,0.161568,1.108963
175,175,0.414742,0.356599,0.015,0.121881,2.427677
176,176,0.406578,0.340894,0.015,0.142529,0.651308
177,177,0.518551,0.363268,0.015,0.1671,1.891759
178,178,0.402866,0.29214,0.015,0.147278,0.57537
179,179,0.559597,0.398581,0.015,0.126118,2.416918
180,180,-0.891195,-0.603736,0.015,0.143395,2.909262
181,181,-0.828008,-0.742818,0.015,0.168593,0.917956
182,182,-0.775927,-0.653058,0.015,0.140565,0.650975
183,183,-0.807469,-0.670144,0.015,0.159622,0.83038
184,184,-0.924699,-0.715074,0.015,0.155905,0.497712
185,185,-0.862004,-0.63568,0.015,0.159476,1.224557
186,186,-0.842889,-0.678841,0.015,0.148252,0.674351
187,187,-0.79797,-0.703765,0.015,0.151588,2.11521
188,188,-0.82719,-0.627754,0.015,0.137922,1.100588
189,189,-0.884679,-0.693623,0.015,0.184176,1.501282
190,190,-0.857171,-0.59612,0.015,0.175731,1.466897
191,191,-0.875707,-0.705706,0.015,0.138729,1.303067
192,192,-0.808591,-0.606924,0.015,0.15755,0.659582
193,193,-0.849842,-0.728494,0.015,0.133003,1.405907
194,194,-0.805087,-0.556076,0.015,0.173528,0.466157
195,195,-0.738089,-0.630414,0.015,0.143908,1.102433
196,196,-0.801732,-0.510049,0.015,0.127962,0.713417
197,197,-0.826666,-0.590671,0.015,0.138809,1.147668
198,198,-0.883976,-0.647758,0.015,0.128812,0.554689
199,199,-0.800265,-0.580346,0.015,0.135847,1.391401
200,200,-0.832468,-0.609685,0.015,0.150905,2.429534
201,201,-0.845321,-0.625582,0.015,0.157341,0.378174
202,202,-0.825979,-0.647658,0.015,0.155053,0.981358
203,203,-0.747915,-0.734997,0.015,0.180162,2.426819
204,204,-0.761405,-0.695682,0.015,0.1199,2.488727
205,205,-0.837583,-0.701308,0.015,0.146125,1.709323
206,206,-0.77023,-0.673203,0.015,0.174313,0.988406
207,207,-0.791772,-0.630219,0.015,0.139574,2.185753
208,208,-0.849248,-0.64941,0.015,0.160819,0.915911
209,209,-0.742217,-0.711855,0.015,0.144747,1.58587
210,210,-0.750483,-0.596608,0.015,0.154833,0.418696
211,211,-0.779614,-0.617198,0.015,0.120617,1.398141
212,212,-0.914797,-0.689352,0.015,0.135312,1.085535
213,213,-0.946723,-0.627679,0.015,0.169807,1.855923
214,214,-0.737943,-0.665819,0.015,0.161291,1.633369
215,215,-0.90397,-0.593389,0.015,0.17687,1.600835
216,216,-0.710081,-0.584367,0.015,0.161358,1.007731
217,217,-0.827121,-0.668948,0.015,0.171297,0.475896
218,218,-0.772149,-0.544996,0.015,0.163403,0.591869
219,219,-0.810316,-0.630119,0.015,0.194398,0.760343
220,220,-0.88568,-0.668557,0.015,0.159495,0.875136
221,221,-0.818222,-0.691452,0.015,0.130842,1.172621
222,222,-0.864669,-0.616979,0.015,0.131089,2.651531
223,223,-0.710351,-0.635431,0.015,0.180073,1.140061
224,224,-0.816716,-0.754618,0.015,0.149621,1.448096
225,225,-0.750173,-0.644617,0.015,0.164669,1.456323
226,226,-0.700116,-0.677345,0.015,0.153699,1.28175
227,227,-0.868175,-0.649641,0.015,0.118638,0.708522
228,228,-0.831465,-0.539183,0.015,0.159489,0.758614
229,229,-0.72834,-0.697766,0.015,0.161092,0.515731
230,230,-0.876655,-0.63201,0.015,0.109093,1.048697
231,231,-0.813838,-0.713662,0.015,0.1241,1.157652
232,232,-0.810589,-0.653943,0.015,0.119281,1.362082
233,233,-0.867278,-0.690422,0.015,0.163112,1.979638
234,234,-0.843163,-0.57799,0.015,0.18519,2.674744
235,235,-0.753964,-0.673853,0.015,0.129976,1.045283
236,236,-0.868525,-0.570948,0.015,0.132777,0.736143
237,237,-0.912401,-0.674028,0.015,0.130368,2.871287
238,238,-0.967584,-0.676255,0.015,0.164068,1.037957
239,239,-0.775479,-0.594481,0.015,0.183067,0.532321
240,240,-0.174685,0.975129,0.015,0.142061,2.638223
241,241,-0.139591,-0.963665,0.015,0.132417,0.194638
242,242,-0.084741,-0.941944,0.015,0.143196,0.542232
243,243,-0.200912,-0.989949,0.015,0.134249,0.325405
244,244,-0.206611,-0.918124,0.015,0.165217,0.112167
245,245,-0.16912,-0.949075,0.015,0.179764,1.579135
246,246,-0.222046,0.998018,0.015,0.117299,2.928771
247,247,-0.142682,0.977749,0.015,0.190416,2.21729
248,248,-0.211861,-0.976738,0.015,0.121978,1.271235
249,249,-0.181286,-0.976792,0.015,0.165611,1.439127
250,250,-0.242359,0.993933,0.015,0.133326,1.479932
251,251,-0.119928,-0.984447,0.015,0.143251,2.333293
252,252,-0.133295,-0.888944,0.015,0.147894,1.112017
253,253,-0.150891,-0.974646,0.015,0.149015,2.212796
254,254,-0.225067,-0.96838,0.015,0.15014,1.436078
255,255,-0.259642,0.961866,0.015,0.151971,0.32074
256,256,-0.298154,-0.960056,0.015,0.158149,0.568933
257,257,-0.205752,0.962701,0.015,0.179457,1.196876
258,258,-0.159593,-0.911622,0.015,0.122531,1.064261
259,259,-0.124109,-0.965651,0.015,0.152812,1.561206
260,260,-0.13618,-0.941398,0.015,0.166854,1.462246
261,261,-0.207935,-0.951725,0.015,0.128239,0.717087
262,262,-0.184181,-0.929722,0.015,0.167466,1.163359
263,263,-0.252952,-0.96613,0.015,0.131068,0.810941
264,264,-0.17244,-0.999102,0.015,0.146028,1.476132
265,265,-0.184568,0.987982,0.015,0.132889,1.286782
266,266,-0.135162,-0.992944,0.015,0.166397,2.635451
267,267,-0.193738,-0.946022,0.015,0.178179,1.369941
268,268,-0.163467,-0.984771,0.015,0.113299,1.043324
269,269,-0.205229,-0.933296,0.015,0.096234,0.989873
270,270,-0.154052,-0.948312,0.015,0.163132,1.178759
271,271,-0.156372,0.955274,0.015,0.180259,0.471773
272,272,-0.10706,0.970532,0.015,0.130553,2.566077
273,273,-0.182228,-0.956656,0.015,0.149956,1.72951
274,274,-0.225786,0.963788,0.015,0.187038,1.757904
275,275,-0.239459,-0.910674,0.015,0.157096,1.38822
276,276,-0.200043,0.982763,0.015,0.166726,2.218252
277,277,-0.219952,-0.90969,0.015,0.155987,0.206264
278,278,-0.104354,0.998938,0.015,0.130498,1.502491
279,279,-0.126606,-0.908735,0.015,0.164128,0.616113
280,280,-0.233484,-0.985485,0.015,0.131,0.989151
281,281,-0.15591,0.992319,0.015,0.150819,1.366382
282,282,-0.21234,-0.893977,0.015,0.173454,1.008314
283,283,-0.084449,-0.964097,0.015,0.125011,0.911512
284,284,-0.145748,-0.92332,0.015,0.139703,1.576432
285,285,-0.207978,-0.876325,0.015,0.134318,0.655319
286,286,-0.125476,-0.928491,0.015,0.140406,1.861559
287,287,-0.087386,0.970815,0.015,0.143923,0.217287
288,288,-0.068566,0.980447,0.015,0.132902,2.566144
289,289,-0.226739,-0.928405,0.015,0.152275,0.766739
290,290,-0.163117,-0.964225,0.015,0.138643,2.068795
291,291,-0.164566,-0.933671,0.015,0.142196,0.414393
292,292,-0.270026,-0.977486,0.015,0.157834,2.503622
293,293,-0.195831,-0.892132,0.015,0.174383,1.422928
294,294,-0.077429,-0.923695,0.015,0.141539,0.480986
295,295,-0.105602,-0.946185,0.015,0.153034,0.338156
296,296,-0.107991,-0.930511,0.015,0.181746,0.89506
297,297,-0.164337,-0.889302,0.015,0.14766,1.51323
298,298,-0.244496,0.978993,0.015,0.167792,1.100795
299,299,-0.238287,-0.959488,0.015,0.147251,1.779903
300,300,-0.843809,-0.144701,0.015,0.178201,1.087297
301,301,-0.863637,-0.136378,0.015,0.151599,1.126756
302,302,-0.822349,-0.150181,0.015,0.117025,0.327563
303,303,-0.964455,-0.117957,0.015,0.175126,1.592206
304,304,-0.800861,-0.132749,0.015,0.139968,1.364433
305,305,-0.862485,-0.167091,0.015,0.152887,1.229308
306,306,-0.869612,-0.207849,0.015,0.211818,0.852313
307,307,-0.892997,-0.122901,0.015,0.134988,3.330517
308,308,-0.910185,-0.223695,0.015,0.120224,0.184121
309,309,-0.83859,-0.204332,0.015,0.159892,2.475973
310,310,-0.84239,-0.125106,0.015,0.145451,1.731103
311,311,-0.782652,-0.162969,0.015,0.161272,1.302558
312,312,-0.856112,-0.214684,0.015,0.16506,1.053359
313,313,-0.885683,-0.153959,0.015,0.153887,1.057058
314,314,-0.857859,-0.06002,0.015,0.139759,1.228388
315,315,-0.819744,-0.189003,0.015,0.169186,1.768727
316,316,-0.852203,-0.18626,0.015,0.131342,0.383123
317,317,-0.768998,-0.169772,0.015,0.167611,1.426788
318,318,-0.778859,-0.122703,0.015,0.186773,0.442876
319,319,-0.787049,-0.098702,0.015,0.150928,1.471459
320,320,-0.839462,-0.165615,0.015,0.14269,1.272685
321,321,-0.840195,-0.093315,0.015,0.142249,0.351497
322,322,-0.884061,-0.220187,0.015,0.179694,1.165292
323,323,-0.811196,-0.121792,0.015,0.158876,0.511006
324,324,-0.803874,-0.098017,0.015,0.138073,1.076971
325,325,-0.886849,-0.184063,0.015,0.194982,0.934184
326,326,-0.818371,-0.103383,0.015,0.182967,0.38919
327,327,-0.834893,-0.182754,0.015,0.155946,0.676073
328,328,-0.763895,-0.129509,0.015,0.156903,1.53872
329,329,-0.907083,-0.163069,0.015,0.113808,0.970062
330,330,-0.811573,-0.172783,0.015,0.141392,1.329181
331,331,-0.83926,-0.07821,0.015,0.168467,1.15266
332,332,-0.850407,-0.231275,0.015,0.123215,1.547492
333,333,-0.796356,-0.083124,0.015,0.145143,1.288704
334,334,-0.879504,-0.100308,0.015,0.139971,0.561281
335,335,-0.835267,-0.1086,0.015,0.126339,1.722412
336,336,-0.777498,-0.142633,0.015,0.14703,1.26744
337,337,-0.748017,-0.155106,0.015,0.173385,1.628615
338,338,-0.777827,-0.278425,0.015,0.153383,1.231109
339,339,-0.79979,-0.225382,0.015,0.140494,1.449701
340,340,-0.806401,-0.148539,0.015,0.144227,0.258579
341,341,-0.798421,-0.204155,0.015,0.170418,0.235405
342,342,-0.857863,-0.121468,0.015,0.140037,2.131089
343,343,-0.756524,-0.188255,0.015,0.155357,1.49035
344,344,-0.957186,-0.01838,0.015,0.167837,0.095037
345,345,-0.940073,-0.172446,0.015,0.163743,3.039939
346,346,-0.817088,-0.226379,0.015,0.160166,1.055131
347,347,-0.826587,-0.124501,0.015,0.13051,2.111223
348,348,-0.754582,-0.205521,0.015,0.168886,1.154351
349,349,-0.909719,-0.190409,0.015,0.174166,1.814584
350,350,-0.857836,-0.101378,0.015,0.148316,0.609461
351,351,-0.920517,-0.236836,0.015,0.177167,0.941074
352,352,-0.925208,-0.120588,0.015,0.164187,0.305437
353,353,-0.783908,-0.209926,0.015,0.107927,0.773779
354,354,-0.895335,-0.200798,0.015,0.124493,2.449739
355,355,-0.866428,-0.271387,0.015,0.141602,0.291084
356,356,-0.874722,-0.07723,0.015,0.150844,0.59493
357,357,-0.816644,-0.060971,0.015,0.11943,0.937372
358,358,-0.815499,-0.261214,0.015,0.154759,1.271884
359,359,-0.775742,-0.225131,0.015,0.13506,1.175777
360,360,0.419122,-0.680421,0.015,0.132026,0.823692
361,361,0.366384,-0.64007,0.015,0.10765,0.966026
362,362,0.430178,-0.618407,0.015,0.168096,0.897036
363,363,0.44947,-0.619801,0.015,0.135255,0.803651
364,364,0.428299,-0.603414,0.015,0.143712,1.246981
365,365,0.403081,-0.630364,0.015,0.178289,2.365378
366,366,0.368262,-0.613808,0.015,0.169948,1.53108
367,367,0.440245,-0.663021,0.015,0.144991,1.249868
368,368,0.413784,-0.562596,0.015,0.153378,0.688373
369,369,0.50018,-0.698119,0.015,0.147626,1.310296
370,370,0.421639,-0.634595,0.015,0.160742,1.782062
371,371,0.428037,-0.648899,0.015,0.169525,0.796016
372,372,0.499564,-0.678693,0.015,0.111056,0.404608
373,373,0.431644,-0.719769,0.015,0.148565,0.223954
374,374,0.361273,-0.545582,0.015,0.124622,0.562991
375,375,0.402825,-0.652288,0.015,0.138974,2.369294
376,376,0.40837,-0.667701,0.015,0.158896,1.811916
377,377,0.464873,-0.645707,0.015,0.15196,0.97952
378,378,0.488218,-0.656235,0.015,0.123117,2.060065
379,379,0.451882,-0.701334,0.015,0.131676,0.223434
380,380,0.346064,-0.593074,0.015,0.143258,0.845868
381,381,0.438232,-0.636261,0.015,0.159498,1.375276
382,382,0.398552,-0.707319,0.015,0.146239,0.655426
383,383,0.415679,-0.723929,0.015,0.164088,1.229365
384,384,0.382446,-0.59973,0.015,0.131336,0.912343
385,385,0.385618,-0.690178,0.015,0.1151,0.669756
386,386,0.363587,-0.70117,0.015,0.139394,1.862266
387,387,0.473557,-0.59869,0.015,0.159103,1.586855
388,388,0.458592,-0.735519,0.015,0.161341,1.215383
389,389,0.464278,-0.668658,0.015,0.119296,1.06267
390,390,0.413203,-0.588101,0.015,0.14223,2.053465
391,391,0.367085,-0.724584,0.015,0.155684,1.112817
392,392,0.364747,-0.67301,0.015,0.171087,1.439879
393,393,0.343555,-0.670174,0.015,0.171158,0.444451
394,394,0.399343,-0.615685,0.015,0.163882,1.83421
395,395,0.522428,-0.594393,0.015,0.136608,1.183591
396,396,0.481165,-0.69701,0.015,0.182662,1.355981
397,397,0.343132,-0.71119,0.015,0.142361,0.241442
398,398,0.385262,-0.555878,0.015,0.14366,1.690965
399,399,0.390713,-0.671851,0.015,0.121116,1.408284
400,400,0.456486,-0.596357,0.015,0.151494,0.033314
401,401,0.519699,-0.695401,0.015,0.140626,0.97544
402,402,0.425831,-0.579933,0.015,0.131464,1.50381
403,403,0.429883,-0.55104,0.015,0.140757,0.435511
404,404,0.406365,-0.689922,0.015,0.118824,1.179065
405,405,0.466588,-0.561538,0.015,0.151125,1.583629
406,406,0.470555,-0.620419,0.015,0.154639,0.701582
407,407,0.501796,-0.639319,0.015,0.161607,1.442189
408,408,0.44524,-0.751395,0.015,0.169554,1.019835
409,409,0.452221,-0.6842,0.015,0.19772,1.816455
410,410,0.393691,-0.769658,0.015,0.098391,1.402137
411,411,0.379281,-0.628959,0.015,0.157483,0.570584
412,412,0.479588,-0.578961,0.015,0.123232,0.337674
413,413,0.339694,-0.653801,0.015,0.132305,1.545615
414,414,0.390589,-0.729051,0.015,0.174787,1.324713
415,415,0.301573,-0.679383,0.015,0.126139,0.867755
416,416,0.441205,-0.589464,0.015,0.148204,1.000183
417,417,0.456083,-0.633498,0.015,0.160109,0.743883
418,418,0.447255,-0.723679,0.015,0.148509,0.188168
419,419,0.320698,-0.645873,0.015,0.141761,3.143462
420,420,-0.621748,0.943021,0.015,0.164809,1.20112
421,421,-0.658166,0.844441,0.015,0.156762,0.808632
422,422,-0.700144,0.937076,0.015,0.105846,1.246714
423,423,-0.696483,0.906552,0.015,0.175324,1.096468
424,424,-0.677577,0.91399,0.015,0.144807,0.213286
425,425,-0.607985,0.953155,0.015,0.152844,0.749463
426,426,-0.686194,0.881423,0.015,0.141865,1.139368
427,427,-0.645634,0.89132,0.015,0.180463,0.299155
428,428,-0.676207,0.869413,0.015,0.163505,0.314609
429,429,-0.672596,0.812582,0.015,0.14914,0.872503
430,430,-0.634499,-0.987756,0.015,0.13527,0.315497
431,431,-0.641917,0.846015,0.015,0.169745,1.668321
432,432,-0.540826,0.934433,0.015,0.191171,1.381796
433,433,-0.740323,0.830937,0.015,0.194747,0.497252
434,434,-0.622021,0.89449,0.015,0.117495,0.850809
435,435,-0.640741,0.917213,0.015,0.155842,2.601458
436,436,-0.579041,0.998119,0.015,0.128422,1.04515
437,437,-0.68149,0.94654,0.015,0.162605,2.306939
438,438,-0.65066,0.946406,0.015,0.17018,0.487127
439,439,-0.629309,0.927172,0.015,0.128863,1.444111
440,440,-0.661371,0.926088,0.015,0.179948,0.519388
441,441,-0.661173,0.899103,0.015,0.149378,1.215985
442,442,-0.702821,0.963088,0.015,0.134371,2.142836
443,443,-0.613507,0.912627,0.015,0.148215,0.876207
444,444,-0.644441,0.866338,0.015,0.109892,1.352539
445,445,-0.646923,0.93165,0.015,0.149866,0.789494
446,446,-0.632203,0.87981,0.015,0.168311,0.92095
447,447,-0.717712,0.926531,0.015,0.117042,1.665766
448,448,-0.701596,0.85712,0.015,0.115894,0.445452
449,449,-0.604435,-0.983944,0.015,0.146245,1.123448
450,450,-0.692644,0.922393,0.015,0.148796,1.148733
451,451,-0.705911,0.836849,0.015,0.135261,1.804607
452,452,-0.692458,0.974053,0.015,0.141615,0.885907
453,453,-0.65089,0.981936,0.015,0.171178,1.268607
454,454,-0.738179,0.889198,0.015,0.146293,0.897054
455,455,-0.638561,0.957562,0.015,0.168989,2.104107
456,456,-0.623386,0.966061,0.015,0.177915,1.453847
457,457,-0.726114,-0.994888,0.015,0.164543,1.32273
458,458,-0.704955,0.880649,0.015,0.151484,0.143252
459,459,-0.732555,0.941305,0.015,0.133221,1.58886
460,460,-0.603626,0.851791,0.015,0.187807,1.189279
461,461,-0.635625,0.977037,0.015,0.144395,0.490474
462,462,-0.620992,0.838132,0.015,0.153255,2.048493
463,463,-0.665989,-0.972149,0.015,0.169578,1.056033
464,464,-0.559833,0.993525,0.015,0.109443,1.763158
465,465,-0.667573,0.952567,0.015,0.139823,1.191331
466,466,-0.598087,0.931025,0.015,0.149381,0.80628
467,467,-0.602213,0.874007,0.015,0.147566,1.503882
468,468,-0.678762,0.989478,0.015,0.153501,1.203265
469,469,-0.675551,0.971927,0.015,0.154704,0.92145
470,470,-0.57453,0.914457,0.015,0.152758,0.337945
471,471,-0.590649,0.976526,0.015,0.086492,1.744158
472,472,-0.599323,0.90671,0.015,0.117189,2.045693
473,473,-0.676269,0.896888,0.015,0.181995,0.973444
474,474,-0.593516,0.946471,0.015,0.163659,0.542619
475,475,-0.750399,0.91761,0.015,0.140933,0.88603
476,476,-0.570728,0.856314,0.015,0.183526,1.181718
477,477,-0.597796,0.891477,0.015,0.101351,2.051487
478,478,-0.566003,0.952075,0.015,0.12643,1.138669
479,479,-0.717657,0.958206,0.015,0.146245,1.621051
480,480,-0.709602,0.125875,0.015,0.127336,1.0955
481,481,-0.711043,0.023311,0.015,0.115919,2.388862
482,482,-0.630411,0.098406,0.015,0.150984,0.832959
483,483,-0.660696,0.125266,0.015,0.119362,0.802608
484,484,-0.587083,0.086727,0.015,0.179503,1.868398
485,485,-0.713633,-0.015105,0.015,0.148938,1.898389
486,486,-0.736956,0.109402,0.015,0.165548,0.922953
487,487,-0.726704,0.095352,0.015,0.146109,1.976248
488,488,-0.711491,0.154642,0.015,0.153605,0.328734
489,489,-0.691773,0.166556,0.015,0.158343,1.822585
490,490,-0.689287,0.147939,0.015,0.134021,0.898192
491,491,-0.677289,0.069164,0.015,0.118463,0.696696
492,492,-0.645048,0.110679,0.015,0.146306,0.118391
493,493,-0.732231,0.066459,0.015,0.151707,0.604398
494,494,-0.719456,0.109913,0.015,0.145386,1.245297
495,495,-0.672303,0.146388,0.015,0.137175,1.160277
496,496,-0.692389,-0.022548,0.015,0.137896,0.727623
497,497,-0.755066,0.07362,0.015,0.149987,0.970431
498,498,-0.710826,0.179646,0.015,0.12262,2.530233
499,499,-0.631055,0.154652,0.015,0.143681,2.757838
500,500,-0.711605,0.213128,0.015,0.156247,1.175012
501,501,-0.654749,0.153946,0.015,0.173242,1.199441
502,502,-0.695512,0.117456,0.015,0.122701,0.661843
503,503,-0.692304,0.065309,0.015,0.102879,1.115404
504,504,-0.636651,0.083668,0.015,0.159872,2.670717
505,505,-0.70958,0.063782,0.015,0.077002,1.283074
506,506,-0.663533,0.049935,0.015,0.162408,1.777622
507,507,-0.660864,0.104625,0.015,0.123569,1.699668
508,508,-0.660221,0.088326,0.015,0.169099,2.266403
509,509,-0.671137,0.014449,0.015,0.138149,0.874996
510,510,-0.644552,-0.010126,0.015,0.135713,0.532306
511,511,-0.71153,0.048108,0.015,0.14089,1.851256
512,512,-0.632331,0.044968,0.015,0.199078,2.358188
513,513,-0.73621,0.082698,0.015,0.095168,1.711018
514,514,-0.615193,0.114904,0.015,0.187431,1.815701
515,515,-0.659549,0.004877,0.015,0.143729,0.766366
516,516,-0.669336,0.190481,0.015,0.141869,1.969685
517,517,-0.700768,0.086621,0.015,0.138233,1.385939
518,518,-0.737693,0.175691,0.015,0.160378,1.983127
519,519,-0.691137,0.041546,0.015,0.167558,0.822165
520,520,-0.580013,0.05533,0.015,0.171878,1.110869
521,521,-0.602004,0.080758,0.015,0.124941,2.071056
522,522,-0.655259,0.070212,0.015,0.211723,2.238557
523,523,-0.686521,0.091936,0.015,0.152762,3.371579
524,524,-0.676301,0.174917,0.015,0.142392,0.960634
525,525,-0.651034,0.138085,0.015,0.14715,0.914869
526,526,-0.631323,0.067048,0.015,0.16093,1.43838
527,527,-0.596295,0.113318,0.015,0.115879,1.399371
528,528,-0.70358,0.102832,0.015,0.15471,1.610851
529,529,-0.67599,0.109741,0.015,0.12355,1.921167
530,530,-0.617175,0.084753,0.015,0.129355,1.018125
531,531,-0.689859,0.183609,0.015,0.123615,0.890217
532,532,-0.619932,0.002741,0.015,0.128264,1.810522
533,533,-0.616644,0.054785,0.015,0.167375,2.31504
534,534,-0.611174,0.144393,0.015,0.141402,2.079966
535,535,-0.637728,0.168631,0.015,0.120784,1.889776
536,536,-0.756435,0.130238,0.015,0.119972,1.023188
537,537,-0.762659,0.180298,0.015,0.141726,0.889932
538,538,-0.597821,0.157125,0.015,0.173488,0.992046
539,539,-0.729053,0.122659,0.015,0.180209,1.347788
540,540,-0.576451,0.939034,0.015,0.129496,0.702252
541,541,-0.606028,0.979102,0.015,0.148768,1.605111
542,542,-0.71152,-0.999322,0.015,0.137511,0.717883
543,543,-0.529114,0.947154,0.015,0.14876,0.775846
544,544,-0.562951,-0.983975,0.015,0.134624,1.18016
545,545,-0.587638,0.961227,0.015,0.181395,1.062105
546,546,-0.546793,0.961725,0.015,0.163158,2.078846
547,547,-0.594618,0.993796,0.015,0.154244,0.867643
548,548,-0.653549,0.963924,0.015,0.136391,1.459605
549,549,-0.540439,0.981932,0.015,0.184971,0.15854
550,550,-0.634407,-0.972571,0.015,0.112194,0.78758
551,551,-0.702208,-0.973487,0.015,0.14876,1.165394
552,552,-0.640661,0.99463,0.015,0.127696,1.14934
553,553,-0.685917,-0.98233,0.015,0.124239,1.673936
554,554,-0.672107,-0.955718,0.015,0.137499,1.083409
555,555,-0.646199,-0.948247,0.015,0.149837,0.438516
556,556,-0.660646,-0.98702,0.015,0.151659,1.843585
557,557,-0.603274,-0.950679,0.015,0.187183,1.605787
558,558,-0.51003,0.983011,0.015,0.161267,0.838948
559,559,-0.617976,0.989186,0.015,0.142351,1.61678
560,560,-0.584725,-0.977065,0.015,0.152543,1.383464
561,561,-0.532735,-0.980593,0.015,0.171959,1.4179
562,562,-0.507097,0.958391,0.015,0.172924,1.798361
563,563,-0.546214,0.913018,0.015,0.130083,0.790442
564,564,-0.619531,-0.941797,0.015,0.152813,1.270987
565,565,-0.707485,0.978245,0.015,0.160655,0.994277
566,566,-0.6915,-0.997979,0.015,0.157035,0.556958
567,567,-0.614929,-0.995092,0.015,0.175944,0.666409
568,568,-0.512606,-0.97526,0.015,0.166741,0.213177
569,569,-0.57369,0.971476,0.015,0.141032,0.379557
570,570,-0.5283,0.972343,0.015,0.170933,1.658592
571,571,-0.613449,-0.926383,0.015,0.156113,2.550656
572,572,-0.584713,-0.959651,0.015,0.191842,1.152427
573,573,-0.554562,-0.943136,0.015,0.170517,1.170827
574,574,-0.62838,-0.955671,0.015,0.118556,1.397101
575,575,-0.538699,0.997989,0.015,0.181524,1.526019
576,576,-0.607248,-0.966775,0.015,0.174394,0.604292
577,577,-0.557599,-0.963853,0.015,0.153211,0.773706
578,578,-0.741777,-0.989391,0.015,0.138947,2.30663
579,579,-0.655234,-0.933731,0.015,0.1659,1.815532
580,580,-0.556417,0.932207,0.015,0.15593,0.727185
581,581,-0.513969,-0.918047,0.015,0.174493,1.006536
582,582,-0.471955,0.939547,0.015,0.171768,1.39094
583,583,-0.539108,-0.954206,0.015,0.170304,1.626702
584,584,-0.487869,0.978424,0.015,0.177261,1.06635
585,585,-0.73094,0.979875,0.015,0.152666,2.648249
586,586,-0.685469,-0.935658,0.015,0.117252,0.674406
587,587,-0.572832,-0.887161,0.015,0.172236,0.52987
588,588,-0.509485,0.94103,0.015,0.145918,1.115982
589,589,-0.600573,-0.934813,0.015,0.164448,0.847479
590,590,-0.676646,-0.902282,0.015,0.162098,0.609763
591,591,-0.48414,-0.995412,0.015,0.142951,0.811929
592,592,-0.583651,-0.932662,0.015,0.147797,0.575523
593,593,-0.557093,0.974971,0.015,0.146384,0.519822
594,594,-0.499225,0.928756,0.015,0.147457,0.09929
595,595,-0.496616,-0.981275,0.015,0.121184,0.367659
596,596,-0.517835,-0.999353,0.015,0.102028,0.623245
597,597,-0.518072,0.925594,0.015,0.134691,0.603051
598,598,-0.650145,-0.973948,0.015,0.198604,1.259382
599,599,-0.662522,0.996182,0.015,0.141014,1.202055
