sim,alpha,BC_type,L,rho,agg,n_centers,base_sigma,l_mean,d_mean,geometry,n_gc,gc_fraction,mean_degree_in,mean_degree_out,density,modularity,clustering,avg_shortest_path,global_efficiency,diameter,assortativity
0,0.01,SW,3.0,250,1,20,0.04,0.5,0.15,cube,605,0.08962962962962963,1.8512396694214877,1.8512396694214877,0.0030649663401018006,0.7082663455566482,0.013179731196260121,7.0535931257183515,0.1707003359901856,16,-0.013810589504126298
0,0.02,SW,3.0,250,1,20,0.04,0.5,0.15,cube,1160,0.17185185185185184,3.575,3.575,0.0030845556514236413,0.6814415741832994,0.02518301903930974,4.726833477135462,0.23711839956660916,10,0.01659226598319461
0,0.03,SW,3.0,250,1,20,0.04,0.5,0.15,cube,1251,0.18533333333333332,5.2677857713828935,5.2677857713828935,0.004214228617106315,0.6880505422280938,0.03771340320714148,4.122436450839329,0.270993893393952,9,0.026876580504853188
0,0.04,SW,3.0,250,1,20,0.04,0.5,0.15,cube,1305,0.19333333333333333,6.829885057471264,6.829885057471264,0.005237641915238699,0.6938006498590527,0.04976491939201034,3.7390040664739206,0.2961026113070798,8,0.037682101767912035
0,0.05,SW,3.0,250,1,20,0.04,0.5,0.15,cube,1636,0.24237037037037037,8.70476772616137,8.70476772616137,0.005324016957896862,0.7564390820149873,0.06502979067076572,4.303271946943018,0.27410837997768167,9,0.023126073591431307
0,0.060000000000000005,SW,3.0,250,1,20,0.04,0.5,0.15,cube,1332,0.19733333333333333,10.29054054054054,10.29054054054054,0.007731435417385831,0.692746434753091,0.07420621955155436,3.4048278180509586,0.326405905744472,7,0.04679221735309997
0,0.06999999999999999,SW,3.0,250,1,20,0.04,0.5,0.15,cube,1663,0.24637037037037038,11.992182802164763,11.992182802164763,0.0072155131180293396,0.7525604963560137,0.08843411754671743,4.045504441902149,0.2949277238621896,9,0.04332002700940927
0,0.08,SW,3.0,250,1,20,0.04,0.5,0.15,cube,1667,0.24696296296296297,13.746850629874025,13.746850629874025,0.008251410942301335,0.7484458659193794,0.1001072937907718,3.7450401876407433,0.31070004228978676,8,0.05528617716180263
0,0.09,SW,3.0,250,1,20,0.04,0.5,0.15,cube,1673,0.24785185185185185,15.447698744769875,15.447698744769875,0.009239054273187724,0.7489840871902934,0.1111920030934678,3.7865622595858226,0.3133589029459621,8,0.04477463039089194
0,0.09999999999999999,SW,3.0,250,1,20,0.04,0.5,0.15,cube,1345,0.19925925925925925,17.06617100371747,17.06617100371747,0.012698043901575501,0.6887006770961408,0.12052337323441234,3.008191715347849,0.3673462117204643,6,0.044828780958074264
0,0.11,SW,3.0,250,1,20,0.04,0.5,0.15,cube,1673,0.24785185185185185,17.30005977286312,17.30005977286312,0.010346925701473157,0.79265305228139,0.14278510188926546,4.649777496232022,0.27234399206335824,9,0.0841474958465683
0,0.12,SW,3.0,250,1,20,0.04,0.5,0.15,cube,1678,0.2485925925925926,20.751489868891536,20.751489868891536,0.012374174042272831,0.7495283730171827,0.14843919798299315,3.5987485456676356,0.33015923866621577,8,0.04299139876890415
0,0.13,SW,3.0,250,1,20,0.04,0.5,0.15,cube,1679,0.24874074074074073,22.203097081596187,22.203097081596187,0.013231881455063283,0.750343588256162,0.15978238763852715,3.5669821627465694,0.33300768421980564,7,0.043890859261178077
0,0.14,SW,3.0,250,1,20,0.04,0.5,0.15,cube,1683,0.24933333333333332,21.841354723707664,21.841354723707664,0.012985347635973641,0.7917401090475217,0.17562674006770504,4.387212687835196,0.2872442582895246,9,0.05843076101859932
0,0.15000000000000002,SW,3.0,250,1,20,0.04,0.5,0.15,cube,1684,0.24948148148148147,23.143705463182897,23.143705463182897,0.013751458979906653,0.7922331897598586,0.1844616555058776,4.239167559343611,0.2927591480512867,9,0.06524749771569975
0,0.16,SW,3.0,250,1,20,0.04,0.5,0.15,cube,1681,0.24903703703703703,24.815585960737657,24.815585960737657,0.0147711821194867,0.7923335768373242,0.19899669470074605,4.271587207161271,0.29373028153690806,9,0.058677094966268106
0,0.17,SW,3.0,250,1,20,0.04,0.5,0.15,cube,1683,0.24933333333333332,29.068924539512775,29.068924539512775,0.01728235703894933,0.7494441764253055,0.2040325880990455,3.356347980045259,0.35083332988214205,7,0.05330272224329225
0,0.18000000000000002,SW,3.0,250,1,20,0.04,0.5,0.15,cube,1685,0.24962962962962962,30.676557863501483,30.676557863501483,0.01821648329186549,0.748313434930944,0.2138309524461625,3.299572869457347,0.3560423801010698,7,0.05920636582661255
0,0.19,SW,3.0,250,1,20,0.04,0.5,0.15,cube,1686,0.24977777777777777,32.255634638196916,32.255634638196916,0.01914280987430084,0.747304718339766,0.22360390026899452,3.317173018504634,0.35682303507091384,7,0.057347962292336095
0,0.2,SW,3.0,250,1,20,0.04,0.5,0.15,cube,1684,0.24948148148148147,31.152019002375297,31.152019002375297,0.018509815212344204,0.7918886824037793,0.2440335833542179,3.9922263010148997,0.30902054840327614,8,0.0711861281267269
0,0.21000000000000002,SW,3.0,250,1,20,0.04,0.5,0.15,cube,1686,0.24977777777777777,35.813167259786475,35.813167259786475,0.021254105198686337,0.7474409478183393,0.2449285147551458,3.328393366914123,0.3603586727964899,8,0.05313807191900353
0,0.22,SW,3.0,250,1,20,0.04,0.5,0.15,cube,1684,0.24948148148148147,34.16330166270784,34.16330166270784,0.02029905030463924,0.7921121276225804,0.26378675306392185,3.966445226330653,0.3128122739511826,8,0.06509428099703227
0,0.23,SW,3.0,250,1,20,0.04,0.5,0.15,cube,1687,0.2499259259259259,39.16775340841731,39.16775340841731,0.023231170467625923,0.7469988843062639,0.26581838234209304,3.1874645341073777,0.37013384514122105,6,0.05368091560882823
0,0.24000000000000002,SW,3.0,250,1,20,0.04,0.5,0.15,cube,1686,0.24977777777777777,37.454922894424676,37.454922894424676,0.022228440886898918,0.7919578819095329,0.28775763056882514,3.8638457395693635,0.31944130074889454,8,0.06637319347625462
0,0.25,SW,3.0,250,1,20,0.04,0.5,0.15,cube,1686,0.24977777777777777,38.93119810201661,38.93119810201661,0.023104568606538044,0.7913694657419211,0.2973551903484402,3.9066594858689645,0.31977646498426204,8,0.05910618841720429
0,0.26,SW,3.0,250,1,20,0.04,0.5,0.15,cube,1685,0.24962962962962962,40.24510385756677,40.24510385756677,0.023898517730146535,0.7916332486265374,0.30658147219568826,3.849275781134363,0.3224567255925904,8,0.06628039111889554
0,0.27,SW,3.0,250,1,20,0.04,0.5,0.15,cube,1349,0.19985185185185186,46.2290585618977,46.2290585618977,0.03429455382930097,0.686622126500362,0.30046617566737216,2.5434677406937327,0.4373847096353178,5,0.06262004095273635
0,0.28,SW,3.0,250,1,20,0.04,0.5,0.15,cube,1685,0.24962962962962962,43.49020771513353,43.49020771513353,0.02582553902323844,0.7917922642786791,0.3276479455192511,3.7495675831882544,0.3285569727214958,7,0.06805088839457148
0,0.29000000000000004,SW,3.0,250,1,20,0.04,0.5,0.15,cube,1686,0.24977777777777777,49.46915776986951,49.46915776986951,0.029358550605263805,0.7468225913540671,0.32665077401374526,3.09319056217902,0.38477876220017526,6,0.05074996990319077
0,0.3,SW,3.0,250,1,20,0.04,0.5,0.15,cube,1686,0.24977777777777777,46.68801897983393,46.68801897983393,0.027708023133432597,0.7922332711767319,0.3491353575820152,3.689687459300013,0.3329889953088762,7,0.0675796076252165
0,0.31,SW,3.0,250,1,20,0.04,0.5,0.15,cube,1683,0.24933333333333332,48.2174688057041,48.2174688057041,0.02866674720909875,0.7914354369646698,0.35746011694448093,3.6909184168749114,0.334673278142373,7,0.0668470039729567
0,0.32,SW,3.0,250,1,20,0.04,0.5,0.15,cube,1687,0.2499259259259259,54.2886781268524,54.2886781268524,0.032199690466697746,0.7457523574335063,0.35341343205783454,3.04868996815365,0.39105602046064697,6,0.056818067483528766
0,0.33,SW,3.0,250,1,20,0.04,0.5,0.15,cube,1687,0.2499259259259259,56.0077059869591,56.0077059869591,0.0332192799448156,0.7455383703319955,0.36103038083866174,3.0024906109872367,0.3953123494747817,6,0.048384722883445044
0,0.34,SW,3.0,250,1,20,0.04,0.5,0.15,cube,1687,0.2499259259259259,57.78660343805572,57.78660343805572,0.034274379263378243,0.7442939128526179,0.3697857263713863,3.0056555573603463,0.3964852289572746,6,0.04774625119819753
0,0.35000000000000003,SW,3.0,250,1,20,0.04,0.5,0.15,cube,1687,0.2499259259259259,59.5850622406639,59.5850622406639,0.03534108080703671,0.7444611554123102,0.3805383757407349,2.995527869599428,0.3983611095251257,6,0.04764263904750047
0,0.36000000000000004,SW,3.0,250,1,20,0.04,0.5,0.15,cube,1687,0.2499259259259259,61.10432720806165,61.10432720806165,0.0362421869561457,0.7450068422399603,0.3889733751430389,2.9438304640679087,0.4024422332209518,6,0.05561251008538693
0,0.37,SW,3.0,250,1,20,0.04,0.5,0.15,cube,1686,0.24977777777777777,62.75385527876631,62.75385527876631,0.03724264408235389,0.7448388805835808,0.3958997904669382,2.993131778197831,0.40063094806010163,6,0.050335312868898655
0,0.38,SW,3.0,250,1,20,0.04,0.5,0.15,cube,1687,0.2499259259259259,64.68227622999407,64.68227622999407,0.038364339400945476,0.7437767533484985,0.4055707710294304,2.9548061690085583,0.4043526977940237,6,0.04828482455232269
0,0.39,SW,3.0,250,1,20,0.04,0.5,0.15,cube,1686,0.24977777777777777,66.19395017793595,66.19395017793595,0.039284243429042104,0.7439413168194153,0.4147017816775179,2.9231563125899798,0.4069966397380316,7,0.050948707264902866
0,0.4,SW,3.0,250,1,20,0.04,0.5,0.15,cube,1687,0.2499259259259259,67.90160047421458,67.90160047421458,0.04027378438565515,0.7430968397318704,0.4213377370285832,2.9213889480719564,0.4088974768748065,6,0.04758516525397579
0,0.41000000000000003,SW,3.0,250,1,20,0.04,0.5,0.15,cube,1687,0.2499259259259259,69.74096028452875,69.74096028452875,0.041364745127241254,0.7443239144556397,0.42991404729746097,2.924404823431713,0.40969764199129177,7,0.052502660300244204
0,0.42000000000000004,SW,3.0,250,1,20,0.04,0.5,0.15,cube,1687,0.2499259259259259,71.64196799051571,71.64196799051571,0.04249227045700813,0.743339461752462,0.44055784469033454,2.9257605258550314,0.41103801708780735,6,0.048769165299752636
0,0.43,SW,3.0,250,1,20,0.04,0.5,0.15,cube,1687,0.2499259259259259,73.16656787196206,73.16656787196206,0.043396540849325066,0.742906580943588,0.4480647629524767,2.8799683013147077,0.41459241148410714,6,0.04692902557805291
0,0.44,SW,3.0,250,1,20,0.04,0.5,0.15,cube,1687,0.2499259259259259,74.95791345583876,74.95791345583876,0.0444590234020396,0.7430419446966097,0.45637019443687726,2.8771014969683035,0.41609979835110905,6,0.04534747111628221
0,0.45,SW,3.0,250,1,20,0.04,0.5,0.15,cube,1687,0.2499259259259259,76.12448132780084,76.12448132780084,0.045150937916845095,0.7423580185038614,0.46131388306543447,2.8593641558748395,0.4176543090034272,6,0.04344150878262168
0,0.46,SW,3.0,250,1,20,0.04,0.5,0.15,cube,1685,0.24962962962962962,78.43560830860534,78.43560830860534,0.04657696455380365,0.7421632970494005,0.4706713046738227,2.846450798931469,0.4199792190844998,6,0.0433883131617042
0,0.47000000000000003,SW,3.0,250,1,20,0.04,0.5,0.15,cube,1687,0.2499259259259259,80.14878482513338,80.14878482513338,0.04753783204337685,0.7411236350897847,0.47887733731726606,2.864800325706101,0.42008000780067983,7,0.04460505302532617
0,0.48000000000000004,SW,3.0,250,1,20,0.04,0.5,0.15,cube,1687,0.2499259259259259,81.88203912270302,81.88203912270302,0.048565859503382575,0.7419557872960234,0.4871743285990781,2.814685041778558,0.4244125348053716,6,0.046325847349134384
0,0.49,SW,3.0,250,1,20,0.04,0.5,0.15,cube,1687,0.2499259259259259,83.45643153526972,83.45643153526972,0.04949966283230706,0.7414188316299432,0.4923320894188608,2.788817001970972,0.4268749605896462,6,0.04424034601953109
1,0.51,SW,3.0,250,1,20,0.04,0.5,0.15,cube,1348,0.19970370370370372,155.14391691394658,155.14391691394658,0.11517736964658247,0.7464564149291303,0.7748653816670867,2.99833567946354,0.4284397059238284,6,0.015322074874312506
1,0.52,SW,3.0,250,1,20,0.04,0.5,0.15,cube,1348,0.19970370370370372,155.68694362017803,155.68694362017803,0.11558050751312401,0.746399568486038,0.7752509159179882,2.9954949894148775,0.428901093173393,6,0.01397096229751059
1,0.53,SW,3.0,250,1,20,0.04,0.5,0.15,cube,1348,0.19970370370370372,156.13278931750742,156.13278931750742,0.11591149912212874,0.7464993712201585,0.7758077530645167,3.0006774037921393,0.42834474088817426,6,0.015102258659440303
1,0.54,SW,3.0,250,1,20,0.04,0.5,0.15,cube,1348,0.19970370370370372,156.47551928783383,156.47551928783383,0.11616593859527381,0.7463995618850694,0.7759356245013334,3.004229643189944,0.42868327756371266,6,0.015617267884900535
1,0.55,SW,3.0,250,1,20,0.04,0.5,0.15,cube,1348,0.19970370370370372,156.85089020771514,156.85089020771514,0.11644461039919461,0.746520690553971,0.7764187539875018,3.009516697177374,0.42805257608175223,6,0.015627666384151608
1,0.56,SW,3.0,250,1,20,0.04,0.5,0.15,cube,1348,0.19970370370370372,157.39094955489614,157.39094955489614,0.11684554532657472,0.7464426955628957,0.7767185400960112,3.0023604493114715,0.42904388034663626,6,0.015935583126278727
1,0.5700000000000001,SW,3.0,250,1,20,0.04,0.5,0.15,cube,1348,0.19970370370370372,157.76483679525222,157.76483679525222,0.1171231156609148,0.7464894150759168,0.7773580517558204,2.9956679201390495,0.4291405710181036,6,0.014899676139586347
1,0.5800000000000001,SW,3.0,250,1,20,0.04,0.5,0.15,cube,1348,0.19970370370370372,158.1186943620178,158.1186943620178,0.11738581615591522,0.7464383244270809,0.7774034378822539,2.9930860754418545,0.42960842022254325,6,0.014920621134665735
1,0.5900000000000001,SW,3.0,250,1,20,0.04,0.5,0.15,cube,1348,0.19970370370370372,158.50222551928783,158.50222551928783,0.11767054604252994,0.7464655262168954,0.7777482967826463,2.992799693350869,0.42950816813283627,6,0.015024242944677853
1,0.6000000000000001,SW,3.0,250,1,20,0.04,0.5,0.15,cube,1348,0.19970370370370372,158.89762611275964,158.89762611275964,0.11796408768579038,0.7464365141559892,0.7781860981720982,2.9865455490715713,0.43017534661576884,6,0.014732393327642802
1,0.6100000000000001,SW,3.0,250,1,20,0.04,0.5,0.15,cube,1348,0.19970370370370372,159.26186943620178,159.26186943620178,0.11823449846785582,0.7464474124401537,0.7783410362870791,2.9850861018771244,0.4304523845731631,6,0.014827162945373305
1,0.6200000000000001,SW,3.0,250,1,20,0.04,0.5,0.15,cube,1348,0.19970370370370372,159.56305637982197,159.56305637982197,0.11845809679274087,0.7464544409975699,0.7788141152836455,2.9880116050835026,0.430243270573247,6,0.013899378783030755
1,0.6300000000000001,SW,3.0,250,1,20,0.04,0.5,0.15,cube,1348,0.19970370370370372,159.82640949554897,159.82640949554897,0.11865360764331771,0.7464546685570896,0.7789781764615573,2.995354001308546,0.4296284302532396,6,0.015555032945785113
1,0.6400000000000001,SW,3.0,250,1,20,0.04,0.5,0.15,cube,1348,0.19970370370370372,160.15727002967358,160.15727002967358,0.11889923535981707,0.7464238283080382,0.7793242917546523,2.9830197449437037,0.4307648531353912,6,0.014363973773235448
1,0.6500000000000001,SW,3.0,250,1,20,0.04,0.5,0.15,cube,1348,0.19970370370370372,160.41913946587536,160.41913946587536,0.11909364474081319,0.7464318339889897,0.7796030796792548,2.9905548983453722,0.43013980586392436,6,0.013597748198216755
1,0.6600000000000001,SW,3.0,250,1,20,0.04,0.5,0.15,cube,1348,0.19970370370370372,160.6780415430267,160.6780415430267,0.1192858511826479,0.7464077973669132,0.7796109420342672,2.983975820539764,0.4308317306967393,6,0.01392188355238204
1,0.6700000000000002,SW,3.0,250,1,20,0.04,0.5,0.15,cube,1348,0.19970370370370372,161.00890207715133,161.00890207715133,0.11953147889914724,0.7464612297779181,0.7799156553453486,2.9850310283980885,0.4305636513586335,6,0.014655921496304127
1,0.6800000000000002,SW,3.0,250,1,20,0.04,0.5,0.15,cube,1348,0.19970370370370372,161.30786350148367,161.30786350148367,0.11975342501966123,0.7464116100836186,0.7801384204869327,2.981432527277894,0.4310035599513766,6,0.014667753330415766
1,0.6900000000000002,SW,3.0,250,1,20,0.04,0.5,0.15,cube,1348,0.19970370370370372,161.43397626112758,161.43397626112758,0.11984704993402197,0.7464153081428134,0.7801583917887049,2.9910626758220817,0.43026471251438986,6,0.013798658107278466
1,0.7000000000000002,SW,3.0,250,1,20,0.04,0.5,0.15,cube,1348,0.19970370370370372,161.74480712166172,161.74480712166172,0.12007780781118167,0.7463816279753255,0.7802538296123797,2.9780994803266516,0.43151047461023734,6,0.01510096850000354
1,0.7100000000000002,SW,3.0,250,1,20,0.04,0.5,0.15,cube,1348,0.19970370370370372,161.97700296735906,161.97700296735906,0.12025018780056351,0.7464238666511255,0.7807317986588906,2.98366080023968,0.43101343646190965,6,0.01370564669285799
1,0.7200000000000002,SW,3.0,250,1,20,0.04,0.5,0.15,cube,1348,0.19970370370370372,162.30489614243322,162.30489614243322,0.12049361257790143,0.7463710840188342,0.7806903140899496,2.979743974410659,0.4314611838465227,6,0.014354875808799907
1,0.7300000000000002,SW,3.0,250,1,20,0.04,0.5,0.15,cube,1348,0.19970370370370372,162.42507418397625,162.42507418397625,0.12058283161393932,0.746426059426107,0.7810870876214698,2.978472878514514,0.4315603711822558,6,0.013894378702981236
1,0.7400000000000002,SW,3.0,250,1,20,0.04,0.5,0.15,cube,1348,0.19970370370370372,162.58976261127597,162.58976261127597,0.12070509473739864,0.7463910905865149,0.7811003698226643,2.9800347623799675,0.43148550796640234,6,0.014210631654885668
1,0.7500000000000002,SW,3.0,250,1,20,0.04,0.5,0.15,cube,1348,0.19970370370370372,162.80118694362017,162.80118694362017,0.12086205415265047,0.7463853944321877,0.7814759169356954,2.9767490786206956,0.43186274293996874,6,0.01319609792242426
1,0.7600000000000002,SW,3.0,250,1,20,0.04,0.5,0.15,cube,1348,0.19970370370370372,163.03115727002967,163.03115727002967,0.12103278193766123,0.7463966514565684,0.7813330993704654,2.979124948506297,0.4316414026277231,6,0.014228605097937542
1,0.7700000000000002,SW,3.0,250,1,20,0.04,0.5,0.15,cube,1348,0.19970370370370372,163.24109792284867,163.24109792284867,0.12118863988333234,0.7463739107926441,0.7814620476238737,2.9769352269798364,0.43177374419786385,6,0.013820424968967973
1,0.7800000000000002,SW,3.0,250,1,20,0.04,0.5,0.15,cube,1348,0.19970370370370372,163.50816023738872,163.50816023738872,0.12138690440786097,0.746395334624607,0.7816912797173365,2.9778064894181817,0.43175307328542056,6,0.013721352742699587
1,0.7900000000000003,SW,3.0,250,1,20,0.04,0.5,0.15,cube,1348,0.19970370370370372,163.73293768545994,163.73293768545994,0.12155377704933923,0.7463923096615896,0.7820304300046469,2.976126748307592,0.4320151863299561,6,0.013380677244479607
1,0.8000000000000003,SW,3.0,250,1,20,0.04,0.5,0.15,cube,1348,0.19970370370370372,163.83827893175075,163.83827893175075,0.12163198138956996,0.7463851921859183,0.78217473047809,2.9744348910316143,0.4321858039680181,6,0.013408769972285652
1,0.8100000000000003,SW,3.0,250,1,20,0.04,0.5,0.15,cube,1348,0.19970370370370372,163.97477744807122,163.97477744807122,0.1217333165909957,0.7463992850414642,0.7820861075236716,2.9743027146819285,0.4321376330316959,6,0.013492621474320003
1,0.8200000000000003,SW,3.0,250,1,20,0.04,0.5,0.15,cube,1348,0.19970370370370372,164.16988130563797,164.16988130563797,0.12187815984085967,0.7464000743031063,0.7822490938127445,2.975810626537927,0.4320787961982571,6,0.013530891078249231
1,0.8300000000000003,SW,3.0,250,1,20,0.04,0.5,0.15,cube,1348,0.19970370370370372,164.36498516320475,164.36498516320475,0.12202300309072364,0.7463992872378101,0.7825508558471541,2.975787495676732,0.432183068651886,6,0.013592033081850075
1,0.8400000000000003,SW,3.0,250,1,20,0.04,0.5,0.15,cube,1348,0.19970370370370372,164.51483679525222,164.51483679525222,0.12213425151837581,0.7463706237888209,0.7825470030544517,2.974649677599854,0.4322011878264931,6,0.013764971270443835
1,0.8500000000000003,SW,3.0,250,1,20,0.04,0.5,0.15,cube,1348,0.19970370370370372,164.61498516320475,164.61498516320475,0.12220860071507406,0.7463620378292537,0.7827475196293404,2.9753458063748655,0.43225001964455784,6,0.013268080502666315
1,0.8600000000000003,SW,3.0,250,1,20,0.04,0.5,0.15,cube,1348,0.19970370370370372,164.7826409495549,164.7826409495549,0.1223330667776948,0.7463721807923411,0.7827396511033375,2.9732805509110256,0.4324455121373512,6,0.013709993179002908
1,0.8700000000000003,SW,3.0,250,1,20,0.04,0.5,0.15,cube,1348,0.19970370370370372,164.95178041543028,164.95178041543028,0.12245863430989626,0.7463779613661957,0.78295743143383,2.9707747076148996,0.4326636949034776,6,0.01366855728835984
1,0.8800000000000003,SW,3.0,250,1,20,0.04,0.5,0.15,cube,1348,0.19970370370370372,165.15059347181008,165.15059347181008,0.12260623123371202,0.7463879173638378,0.7830058211755334,2.9743346572997695,0.43237063056366076,6,0.013332110735232454
1,0.8900000000000003,SW,3.0,250,1,20,0.04,0.5,0.15,cube,1348,0.19970370370370372,165.24183976261128,165.24183976261128,0.12267397161292597,0.7463622682884101,0.7831282570005572,2.970474006419365,0.4327429089241508,6,0.013088440215222444
1,0.9000000000000004,SW,3.0,250,1,20,0.04,0.5,0.15,cube,1348,0.19970370370370372,165.32492581602375,165.32492581602375,0.12273565390944598,0.7464183159241903,0.7832192014040074,2.9722231401135395,0.432546204814877,6,0.013335577703498398
1,0.9100000000000004,SW,3.0,250,1,20,0.04,0.5,0.15,cube,1348,0.19970370370370372,165.46439169139467,165.46439169139467,0.12283919205003316,0.7463707791243995,0.7831986455418655,2.970163391997603,0.43281641366084833,6,0.013666438705722995
1,0.9200000000000004,SW,3.0,250,1,20,0.04,0.5,0.15,cube,1348,0.19970370370370372,165.6454005934718,165.6454005934718,0.12297357133888033,0.7463683163244291,0.7834339004399586,2.9720105564844617,0.4327574116069692,6,0.013297942199043926
1,0.9300000000000004,SW,3.0,250,1,20,0.04,0.5,0.15,cube,1348,0.19970370370370372,165.7774480712166,165.7774480712166,0.12307160213156393,0.7463549972535976,0.7835554468922821,2.9697062821216065,0.4329303606889778,6,0.01302238182256658
1,0.9400000000000004,SW,3.0,250,1,20,0.04,0.5,0.15,cube,1348,0.19970370370370372,165.90504451038575,165.90504451038575,0.1231663285155054,0.7463603143457558,0.7836393533288527,2.969219432566931,0.4330035900582807,6,0.013176242268754619
1,0.9500000000000004,SW,3.0,250,1,20,0.04,0.5,0.15,cube,1348,0.19970370370370372,166.03709198813056,166.03709198813056,0.12326435930818899,0.7463610284869061,0.7836850605796865,2.96961926602473,0.43295609836151006,6,0.013222533732190733
1,0.9600000000000004,SW,3.0,250,1,20,0.04,0.5,0.15,cube,1348,0.19970370370370372,166.16097922848664,166.16097922848664,0.12335633201817865,0.7463564720943329,0.7838294309764187,2.96901786363366,0.43306422595868743,6,0.013255128155947182
1,0.9700000000000004,SW,3.0,250,1,20,0.04,0.5,0.15,cube,1348,0.19970370370370372,166.23145400593472,166.23145400593472,0.12340865182326259,0.7463565320093046,0.7838484623080142,2.968434084755881,0.43310843160452234,6,0.013145735834672588
1,0.9800000000000004,SW,3.0,250,1,20,0.04,0.5,0.15,cube,1348,0.19970370370370372,166.36646884272997,166.36646884272997,0.12350888555510763,0.7463645180354799,0.7839694573605273,2.9690310812686285,0.4330948284552045,6,0.013266494725891989
1,0.9900000000000004,SW,3.0,250,1,20,0.04,0.5,0.15,cube,1348,0.19970370370370372,166.46884272997033,166.46884272997033,0.12358488695617693,0.746358636675901,0.7840521310852202,2.968624638993345,0.433136757730577,6,0.013155324178890005
